alpha,AUC
0.0,0.6300086330078589
0.2,0.6380090497737557
0.4,0.646671826625387
0.6000000000000001,0.6508097165991902
0.8,0.6461955227435103
1.0,0.6283043581805191
