Group,N,Pct,ACC,AUC,F1,Sensitivity,Specificity,Precision,Recall,TN,FP,FN,TP
All,525,100.0,0.6514285714285715,0.6635893319061635,0.6678765880217786,0.6072607260726073,0.7117117117117117,0.7419354838709677,0.6072607260726073,158,64,119,184
Uncertain,396,75.42857142857143,0.6262626262626263,0.6267688679245284,0.5842696629213483,0.49056603773584906,0.782608695652174,0.7222222222222222,0.49056603773584906,144,40,108,104
Certain,129,24.571428571428573,0.7286821705426356,0.6816078658183922,0.8205128205128205,0.8791208791208791,0.3684210526315789,0.7692307692307693,0.8791208791208791,14,24,11,80
